{
    "intercept": -12570.432968070269,
    "coefficients": {
        "age": 251.40512195917327,
        "sex": 26.117159659129577,
        "bmi": 330.6463715684858,
        "children": 580.2743829604743,
        "smoker": 23928.1017106112,
        "region": 212.22242728332432
    }
}